-- phpMyAdmin SQL Dump
-- version 4.8.4
-- https://www.phpmyadmin.net/
--
-- Hôte : 127.0.0.1:3306
-- Généré le :  Dim 09 juin 2019 à 15:32
-- Version du serveur :  5.7.24
-- Version de PHP :  7.2.14

SET SQL_MODE = "NO_AUTO_VALUE_ON_ZERO";
SET AUTOCOMMIT = 0;
START TRANSACTION;
SET time_zone = "+00:00";


/*!40101 SET @OLD_CHARACTER_SET_CLIENT=@@CHARACTER_SET_CLIENT */;
/*!40101 SET @OLD_CHARACTER_SET_RESULTS=@@CHARACTER_SET_RESULTS */;
/*!40101 SET @OLD_COLLATION_CONNECTION=@@COLLATION_CONNECTION */;
/*!40101 SET NAMES utf8mb4 */;

--
-- Base de données :  `connection`
--

-- --------------------------------------------------------

--
-- Structure de la table `anneescolaire`
--

DROP TABLE IF EXISTS `anneescolaire`;
CREATE TABLE IF NOT EXISTS `anneescolaire` (
  `id_as` int(11) UNSIGNED NOT NULL AUTO_INCREMENT,
  `id_t1` int(11) UNSIGNED NOT NULL,
  `id_t2` int(11) UNSIGNED NOT NULL,
  `id_t3` int(11) UNSIGNED NOT NULL,
  PRIMARY KEY (`id_as`)
) ENGINE=MyISAM AUTO_INCREMENT=3 DEFAULT CHARSET=latin1;

--
-- Déchargement des données de la table `anneescolaire`
--

INSERT INTO `anneescolaire` (`id_as`, `id_t1`, `id_t2`, `id_t3`) VALUES
(1, 1, 2, 3),
(2, 4, 5, 6);

-- --------------------------------------------------------

--
-- Structure de la table `bulletin`
--

DROP TABLE IF EXISTS `bulletin`;
CREATE TABLE IF NOT EXISTS `bulletin` (
  `id` int(10) UNSIGNED NOT NULL AUTO_INCREMENT,
  `id_trim` int(10) UNSIGNED NOT NULL,
  `id_inscr` int(10) UNSIGNED NOT NULL,
  `app_g` varchar(255) NOT NULL,
  PRIMARY KEY (`id`)
) ENGINE=MyISAM AUTO_INCREMENT=152 DEFAULT CHARSET=latin1;

--
-- Déchargement des données de la table `bulletin`
--

INSERT INTO `bulletin` (`id`, `id_trim`, `id_inscr`, `app_g`) VALUES
(1, 1, 1, 'Ensemble bon'),
(2, 2, 1, 'Tres bien'),
(3, 3, 1, 'Bien '),
(4, 4, 1, 'Bien '),
(5, 1, 2, 'Bien'),
(6, 2, 2, 'Assez bien'),
(7, 3, 2, 'Bien'),
(8, 1, 3, 'Bien'),
(9, 2, 3, 'Excellent'),
(10, 3, 3, 'Excellent'),
(14, 1, 5, 'Bien'),
(15, 2, 5, 'Bien'),
(16, 3, 5, 'Assez bien'),
(17, 1, 6, 'Bien'),
(18, 2, 6, 'Excellent'),
(19, 3, 6, 'Bien'),
(20, 1, 7, 'Insuffisant'),
(21, 2, 7, 'Assez bien'),
(22, 3, 7, 'Assez bien'),
(23, 1, 8, 'Bien'),
(24, 2, 8, 'Assez bien'),
(25, 3, 8, 'Assez bien'),
(26, 1, 9, 'Assez bien'),
(27, 2, 9, 'Insuffisant'),
(28, 3, 9, 'Assez bien'),
(29, 1, 10, 'Excellent'),
(30, 2, 10, 'Tres bien'),
(31, 3, 10, 'Tres bien '),
(32, 1, 11, 'Assez bien'),
(33, 2, 11, 'Assez bien'),
(34, 3, 11, 'Bien'),
(35, 1, 12, 'Bien'),
(36, 2, 12, 'Bien'),
(37, 3, 12, 'Excellent'),
(38, 1, 13, 'Excellent'),
(39, 2, 13, 'Excellent'),
(40, 3, 13, 'Excellent'),
(41, 1, 14, 'Bien'),
(42, 2, 14, 'Bien'),
(43, 3, 14, 'Bien'),
(44, 1, 15, 'Insuffisant'),
(45, 2, 15, 'Insuffisant'),
(46, 3, 15, 'Insuffisant'),
(47, 1, 16, 'Bien'),
(48, 2, 16, 'Bien'),
(49, 3, 16, 'Tres bien'),
(50, 1, 17, 'ASSEZ BIEN'),
(51, 2, 17, 'ASSEZ BIEN'),
(52, 3, 17, 'BIEN'),
(53, 1, 18, 'TRES BIEN '),
(54, 2, 18, 'EXCELLENT'),
(55, 3, 18, 'TRES BIEN'),
(56, 1, 19, 'INSUFFISANT'),
(57, 2, 19, 'MAUVAIS'),
(58, 3, 19, 'INSUFFISANT'),
(59, 1, 20, 'BIEN'),
(60, 2, 20, 'ASSEZ BIEN '),
(61, 3, 20, 'ASSEZ BIEN'),
(62, 1, 21, 'TRES BIEN'),
(63, 2, 21, 'EXCELLENT'),
(64, 3, 21, 'BIEN'),
(65, 1, 22, 'ASSEZ BIEN '),
(66, 2, 22, 'ASSEZ BIEN '),
(67, 3, 22, 'INSUFFISANT'),
(68, 1, 23, 'BIEN'),
(69, 2, 23, 'BIEN '),
(70, 3, 23, 'ASSEZ BIEN'),
(71, 1, 24, 'EXCELLENT'),
(72, 2, 24, 'TRES BIEN'),
(73, 3, 24, 'TRES BIEN'),
(74, 1, 25, 'BIEN'),
(75, 2, 25, 'BIEN'),
(76, 3, 25, 'BIEN'),
(77, 1, 26, 'BIEN'),
(78, 2, 26, 'BIEN'),
(79, 3, 26, 'TRES BIEN'),
(80, 1, 27, 'MAUVAIS'),
(81, 2, 27, 'INSUFFISANT'),
(82, 3, 27, 'ASSEZ BIEN'),
(83, 1, 28, 'INSUFFISANT'),
(84, 2, 28, 'BIEN'),
(85, 3, 28, 'BIEN'),
(86, 1, 29, 'BIEN'),
(87, 2, 29, 'BIEN'),
(88, 3, 29, 'BIEN'),
(89, 1, 30, 'TRES BIEN'),
(90, 2, 30, 'BIEN'),
(91, 3, 30, 'BIEN'),
(92, 1, 31, 'BIEN'),
(93, 2, 31, 'BIEN'),
(94, 3, 31, 'EXCELLENT'),
(95, 1, 32, 'BIEN'),
(96, 2, 32, 'BIEN'),
(97, 3, 32, 'BIEN'),
(98, 1, 33, 'EXCELLENT'),
(99, 2, 33, 'EXCELLENT'),
(100, 3, 33, 'TRES BIEN'),
(101, 1, 34, 'MAUVAIS'),
(102, 2, 34, 'MAUVAIS'),
(103, 3, 34, 'INSUFFISANT'),
(104, 1, 35, 'BIEN'),
(105, 2, 35, 'BIEN'),
(106, 3, 35, 'BIEN'),
(107, 1, 36, 'EXCELLENT'),
(108, 2, 36, 'TRES BIEN'),
(109, 3, 36, 'TRES BIEN'),
(110, 1, 37, 'BIEN'),
(111, 2, 37, 'TRES BIEN'),
(112, 3, 37, 'TRES BIEN'),
(113, 1, 38, 'ASSEZ BIEN'),
(114, 2, 38, 'ASSEZ BIEN'),
(115, 3, 38, 'BIEN'),
(116, 1, 39, 'BIEN'),
(117, 2, 39, 'TRES BIEN'),
(118, 3, 39, 'BIEN'),
(119, 1, 40, 'ASSEZ BIEN'),
(120, 2, 40, 'BIEN'),
(121, 3, 40, 'TRES BIEN'),
(122, 1, 41, 'BIEN'),
(123, 2, 41, 'BIEN'),
(124, 3, 41, 'EXCELLENT'),
(125, 1, 42, 'TRES BIEN'),
(126, 2, 42, 'TRES BIEN'),
(127, 3, 42, 'BIEN'),
(128, 1, 43, 'EXCELLENT'),
(129, 2, 43, 'TRES BIEN'),
(130, 3, 43, 'EXCELLENT'),
(131, 1, 44, 'INSUFFISANT'),
(132, 2, 44, 'BIEN'),
(133, 3, 44, 'TRES BIEN'),
(134, 1, 45, 'TRES BIEN'),
(135, 2, 45, 'TRES BIEN'),
(136, 3, 45, 'TRES BIEN'),
(137, 1, 46, 'EXCELLENT'),
(138, 2, 46, 'BIEN'),
(139, 3, 46, 'BIEN'),
(140, 1, 47, 'BIEN'),
(141, 2, 47, 'ASSEZ BIEN'),
(142, 3, 47, 'ASSEZ BIEN'),
(143, 1, 48, 'BIEN'),
(144, 2, 48, 'EXCELLENT'),
(145, 3, 48, 'TRES BIEN'),
(146, 1, 49, 'BIEN'),
(147, 2, 49, 'BIEN'),
(148, 3, 49, 'BIEN'),
(149, 1, 50, 'TRES BIEN'),
(150, 2, 50, 'EXCELLENT'),
(151, 3, 50, 'EXCELLENT');

-- --------------------------------------------------------

--
-- Structure de la table `classe`
--

DROP TABLE IF EXISTS `classe`;
CREATE TABLE IF NOT EXISTS `classe` (
  `id_classe` int(11) UNSIGNED NOT NULL AUTO_INCREMENT,
  `nom_classe` varchar(255) NOT NULL,
  `id_ecole` int(11) UNSIGNED NOT NULL,
  `id_niveau` int(11) UNSIGNED NOT NULL,
  `id_annee` int(11) UNSIGNED NOT NULL,
  PRIMARY KEY (`id_classe`)
) ENGINE=MyISAM AUTO_INCREMENT=21 DEFAULT CHARSET=latin1;

--
-- Déchargement des données de la table `classe`
--

INSERT INTO `classe` (`id_classe`, `nom_classe`, `id_ecole`, `id_niveau`, `id_annee`) VALUES
(1, '1', 1, 1, 1),
(2, '2', 1, 1, 1),
(3, '1', 1, 2, 1),
(4, '2', 1, 2, 1),
(5, '1', 1, 3, 1),
(6, '2', 1, 3, 1),
(7, '1', 1, 4, 1),
(8, '2', 1, 4, 1),
(9, '1', 1, 5, 1),
(10, '2', 1, 5, 1),
(11, '1', 1, 1, 2),
(12, '2', 1, 1, 2),
(13, '1', 1, 2, 2),
(14, '2', 1, 2, 2),
(15, '1', 1, 3, 2),
(16, '2', 1, 3, 2),
(17, '1', 1, 4, 2),
(18, '2', 1, 4, 2),
(19, '1', 1, 5, 2),
(20, '2', 1, 5, 2);

-- --------------------------------------------------------

--
-- Structure de la table `detailbulletin`
--

DROP TABLE IF EXISTS `detailbulletin`;
CREATE TABLE IF NOT EXISTS `detailbulletin` (
  `id_detailBulletin` int(11) UNSIGNED NOT NULL AUTO_INCREMENT,
  `appreciation_b` varchar(255) NOT NULL,
  `id_bulletin` int(11) UNSIGNED NOT NULL,
  `id_enseignement` int(11) UNSIGNED NOT NULL,
  PRIMARY KEY (`id_detailBulletin`),
  KEY `trimestre` (`id_enseignement`),
  KEY `id_trim` (`id_bulletin`)
) ENGINE=MyISAM AUTO_INCREMENT=297 DEFAULT CHARSET=latin1;

--
-- Déchargement des données de la table `detailbulletin`
--

INSERT INTO `detailbulletin` (`id_detailBulletin`, `appreciation_b`, `id_bulletin`, `id_enseignement`) VALUES
(1, ' test', 1, 2),
(2, ' test', 1, 4),
(3, ' test', 2, 2),
(4, ' test', 2, 4),
(5, ' test', 3, 2),
(6, ' test', 3, 4),
(7, ' test', 4, 2),
(8, ' test', 4, 4),
(9, ' test', 5, 2),
(10, ' test', 5, 4),
(11, ' test', 6, 2),
(12, ' test', 6, 4),
(13, ' test', 7, 2),
(14, ' test', 7, 4),
(15, ' test', 8, 2),
(16, ' test', 8, 4),
(17, ' test', 9, 2),
(18, ' test', 9, 4),
(19, ' test', 10, 2),
(20, ' test', 10, 4),
(21, ' test', 14, 2),
(22, ' test', 14, 4),
(23, ' test', 15, 2),
(24, ' test', 15, 4),
(25, ' test', 16, 2),
(26, ' test', 16, 4),
(27, ' test', 17, 2),
(28, ' test', 17, 4),
(29, ' test', 18, 2),
(30, ' test', 18, 4),
(31, ' test', 19, 2),
(32, ' test', 19, 4),
(33, ' test', 20, 2),
(34, ' test', 20, 4),
(35, ' test', 21, 2),
(36, ' test', 21, 4),
(37, ' test', 22, 2),
(38, ' test', 22, 4),
(39, ' test', 23, 2),
(40, ' test', 23, 4),
(41, ' test', 24, 2),
(42, ' test', 24, 4),
(43, ' test', 25, 2),
(44, ' test', 25, 4),
(45, ' test', 26, 2),
(46, ' test', 26, 4),
(47, ' test', 27, 2),
(48, ' test', 27, 4),
(49, ' test', 28, 2),
(50, ' test', 28, 4),
(51, ' test', 29, 2),
(52, ' test', 29, 4),
(53, ' test', 30, 2),
(54, ' test', 30, 4),
(55, ' test', 31, 2),
(56, ' test', 31, 4),
(57, ' test', 32, 2),
(58, ' test', 32, 4),
(59, ' test', 33, 2),
(60, ' test', 33, 4),
(61, ' test', 34, 2),
(62, ' test', 34, 4),
(63, ' test', 35, 6),
(64, ' test', 35, 8),
(65, ' test', 36, 6),
(66, ' test', 36, 8),
(67, ' test', 37, 6),
(68, ' test', 37, 8),
(69, ' test', 38, 6),
(70, ' test', 38, 8),
(71, ' test', 39, 6),
(72, ' test', 39, 8),
(73, ' test', 40, 6),
(74, ' test', 40, 8),
(75, ' test', 41, 6),
(76, ' test', 41, 8),
(77, ' test', 42, 6),
(78, ' test', 42, 8),
(79, ' test', 43, 6),
(80, ' test', 43, 8),
(81, ' test', 44, 6),
(82, ' test', 44, 8),
(83, ' test', 45, 6),
(84, ' test', 45, 8),
(85, ' test', 46, 6),
(86, ' test', 46, 8),
(87, ' test', 47, 6),
(88, ' test', 47, 8),
(89, ' test', 48, 6),
(90, ' test', 48, 8),
(91, ' test', 49, 6),
(92, ' test', 49, 8),
(93, ' test', 50, 6),
(94, ' test', 50, 8),
(95, ' test', 51, 6),
(96, ' test', 51, 8),
(97, ' test', 52, 6),
(98, ' test', 52, 8),
(99, ' test', 53, 6),
(100, ' test', 53, 8),
(101, ' test', 54, 6),
(102, ' test', 54, 8),
(103, ' test', 55, 6),
(104, ' test', 55, 8),
(105, ' test', 56, 6),
(106, ' test', 56, 8),
(107, ' test', 57, 6),
(108, ' test', 57, 8),
(109, ' test', 58, 6),
(110, ' test', 58, 8),
(111, ' test', 59, 6),
(112, ' test', 59, 8),
(113, ' test', 60, 6),
(114, ' test', 60, 8),
(115, ' test', 61, 6),
(116, ' test', 61, 8),
(117, ' test', 62, 10),
(118, ' test', 62, 12),
(119, ' test', 63, 10),
(120, ' test', 63, 12),
(121, ' test', 64, 10),
(122, ' test', 64, 12),
(123, ' test', 65, 10),
(124, ' test', 65, 12),
(125, ' test', 66, 10),
(126, ' test', 66, 12),
(127, ' test', 67, 10),
(128, ' test', 67, 12),
(129, ' test', 68, 10),
(130, ' test', 68, 12),
(131, ' test', 69, 10),
(132, ' test', 69, 12),
(133, ' test', 70, 10),
(134, ' test', 70, 12),
(135, ' test', 71, 10),
(136, ' test', 71, 12),
(137, ' test', 72, 10),
(138, ' test', 72, 12),
(139, ' test', 73, 10),
(140, ' test', 73, 12),
(141, ' test', 74, 10),
(142, ' test', 74, 12),
(143, ' test', 75, 10),
(144, ' test', 75, 12),
(145, ' test', 76, 10),
(146, ' test', 76, 12),
(147, ' test', 77, 10),
(148, ' test', 77, 12),
(149, ' test', 78, 10),
(150, ' test', 78, 12),
(151, ' test', 79, 10),
(152, ' test', 79, 12),
(153, ' test', 80, 10),
(154, ' test', 80, 12),
(155, ' test', 81, 10),
(156, ' test', 81, 12),
(157, ' test', 82, 10),
(158, ' test', 82, 12),
(159, ' test', 83, 10),
(160, ' test', 83, 12),
(161, ' test', 84, 10),
(162, ' test', 84, 12),
(163, ' test', 85, 10),
(164, ' test', 85, 12),
(165, ' test', 86, 10),
(166, ' test', 86, 12),
(167, ' test', 87, 10),
(168, ' test', 87, 12),
(169, ' test', 88, 10),
(170, ' test', 88, 12),
(171, ' test', 89, 10),
(172, ' test', 89, 12),
(173, ' test', 90, 10),
(174, ' test', 90, 12),
(175, ' test', 91, 10),
(176, ' test', 91, 12),
(177, ' test', 92, 14),
(178, ' test', 92, 16),
(179, ' test', 93, 14),
(180, ' test', 93, 16),
(181, ' test', 94, 14),
(182, ' test', 94, 16),
(183, ' test', 95, 14),
(184, ' test', 95, 16),
(185, ' test', 96, 14),
(186, ' test', 96, 16),
(187, ' test', 97, 14),
(188, ' test', 97, 16),
(189, ' test', 98, 14),
(190, ' test', 98, 16),
(191, ' test', 99, 14),
(192, ' test', 99, 16),
(193, ' test', 100, 14),
(194, ' test', 100, 16),
(195, ' test', 101, 14),
(196, ' test', 101, 16),
(197, ' test', 102, 14),
(198, ' test', 102, 16),
(199, ' test', 103, 14),
(200, ' test', 103, 16),
(201, ' test', 104, 14),
(202, ' test', 104, 16),
(203, ' test', 105, 14),
(204, ' test', 105, 16),
(205, ' test', 106, 14),
(206, ' test', 106, 16),
(207, ' test', 107, 14),
(208, ' test', 107, 16),
(209, ' test', 108, 14),
(210, ' test', 108, 16),
(211, ' test', 109, 14),
(212, ' test', 109, 16),
(213, ' test', 110, 14),
(214, ' test', 110, 16),
(215, ' test', 111, 14),
(216, ' test', 111, 16),
(217, ' test', 112, 14),
(218, ' test', 112, 16),
(219, ' test', 113, 14),
(220, ' test', 113, 16),
(221, ' test', 114, 14),
(222, ' test', 114, 16),
(223, ' test', 115, 14),
(224, ' test', 115, 16),
(225, ' test', 116, 14),
(226, ' test', 116, 16),
(227, ' test', 117, 14),
(228, ' test', 117, 16),
(229, ' test', 118, 14),
(230, ' test', 118, 16),
(231, ' test', 119, 14),
(232, ' test', 119, 16),
(233, ' test', 120, 14),
(234, ' test', 120, 16),
(235, ' test', 121, 14),
(236, ' test', 121, 16),
(237, ' test', 122, 18),
(238, ' test', 122, 20),
(239, ' test', 123, 18),
(240, ' test', 123, 20),
(241, ' test', 124, 18),
(242, ' test', 124, 20),
(243, ' test', 125, 18),
(244, ' test', 125, 20),
(245, ' test', 126, 18),
(246, ' test', 126, 20),
(247, ' test', 127, 18),
(248, ' test', 127, 20),
(249, ' test', 128, 18),
(250, ' test', 128, 20),
(251, ' test', 129, 18),
(252, ' test', 129, 20),
(253, ' test', 130, 18),
(254, ' test', 130, 20),
(255, ' test', 131, 18),
(256, ' test', 131, 20),
(257, ' test', 132, 18),
(258, ' test', 132, 20),
(259, ' test', 133, 18),
(260, ' test', 133, 20),
(261, ' test', 134, 18),
(262, ' test', 134, 20),
(263, ' test', 135, 18),
(264, ' test', 135, 20),
(265, ' test', 136, 18),
(266, ' test', 136, 20),
(267, ' test', 137, 18),
(268, ' test', 137, 20),
(269, ' test', 138, 18),
(270, ' test', 138, 20),
(271, ' test', 139, 18),
(272, ' test', 139, 20),
(273, ' test', 140, 18),
(274, ' test', 140, 20),
(275, ' test', 141, 18),
(276, ' test', 141, 20),
(277, ' test', 142, 18),
(278, ' test', 142, 20),
(279, ' test', 143, 18),
(280, ' test', 143, 20),
(281, ' test', 144, 18),
(282, ' test', 144, 20),
(283, ' test', 145, 18),
(284, ' test', 145, 20),
(285, ' test', 146, 18),
(286, ' test', 146, 20),
(287, ' test', 147, 18),
(288, ' test', 147, 20),
(289, ' test', 148, 18),
(290, ' test', 148, 20),
(291, ' test', 149, 18),
(292, ' test', 149, 20),
(293, ' test', 150, 18),
(294, ' test', 150, 20),
(295, ' test', 151, 18),
(296, ' test', 151, 20);

-- --------------------------------------------------------

--
-- Structure de la table `discipline`
--

DROP TABLE IF EXISTS `discipline`;
CREATE TABLE IF NOT EXISTS `discipline` (
  `id_discipline` int(11) UNSIGNED NOT NULL AUTO_INCREMENT,
  `nom_discipline` varchar(255) NOT NULL,
  PRIMARY KEY (`id_discipline`)
) ENGINE=MyISAM AUTO_INCREMENT=3 DEFAULT CHARSET=latin1;

--
-- Déchargement des données de la table `discipline`
--

INSERT INTO `discipline` (`id_discipline`, `nom_discipline`) VALUES
(1, 'Mathématiques'),
(2, 'Français');

-- --------------------------------------------------------

--
-- Structure de la table `ecole`
--

DROP TABLE IF EXISTS `ecole`;
CREATE TABLE IF NOT EXISTS `ecole` (
  `id_ecole` int(11) UNSIGNED NOT NULL AUTO_INCREMENT,
  `nom_ecole` varchar(255) NOT NULL,
  PRIMARY KEY (`id_ecole`)
) ENGINE=MyISAM AUTO_INCREMENT=2 DEFAULT CHARSET=latin1;

--
-- Déchargement des données de la table `ecole`
--

INSERT INTO `ecole` (`id_ecole`, `nom_ecole`) VALUES
(1, 'ecole des bois');

-- --------------------------------------------------------

--
-- Structure de la table `enseignement`
--

DROP TABLE IF EXISTS `enseignement`;
CREATE TABLE IF NOT EXISTS `enseignement` (
  `id_enseignement` int(11) UNSIGNED NOT NULL AUTO_INCREMENT,
  `id_classe` int(11) UNSIGNED NOT NULL,
  `id_discipline` int(11) UNSIGNED NOT NULL,
  `id_p` int(11) UNSIGNED NOT NULL,
  PRIMARY KEY (`id_enseignement`)
) ENGINE=MyISAM AUTO_INCREMENT=81 DEFAULT CHARSET=latin1;

--
-- Déchargement des données de la table `enseignement`
--

INSERT INTO `enseignement` (`id_enseignement`, `id_classe`, `id_discipline`, `id_p`) VALUES
(1, 1, 1, 4),
(2, 1, 1, 51),
(3, 1, 2, 4),
(4, 1, 2, 51),
(5, 2, 1, 4),
(6, 2, 1, 51),
(7, 2, 2, 4),
(8, 2, 2, 51),
(9, 3, 1, 4),
(10, 3, 1, 51),
(11, 3, 2, 4),
(12, 3, 2, 51),
(13, 4, 1, 4),
(14, 4, 1, 51),
(15, 4, 2, 4),
(16, 4, 2, 51),
(17, 5, 1, 4),
(18, 5, 1, 51),
(19, 5, 2, 4),
(20, 5, 2, 51),
(21, 6, 1, 4),
(22, 6, 1, 51),
(23, 6, 2, 4),
(24, 6, 2, 51),
(25, 7, 1, 4),
(26, 7, 1, 51),
(27, 7, 2, 4),
(28, 7, 2, 51),
(29, 8, 1, 4),
(30, 8, 1, 51),
(31, 8, 2, 4),
(32, 8, 2, 51),
(33, 9, 1, 4),
(34, 9, 1, 51),
(35, 9, 2, 4),
(36, 9, 2, 51),
(37, 10, 1, 4),
(38, 10, 1, 51),
(39, 10, 2, 4),
(40, 10, 2, 51),
(41, 11, 1, 4),
(42, 11, 1, 51),
(43, 11, 2, 4),
(44, 11, 2, 51),
(45, 12, 1, 4),
(46, 12, 1, 51),
(47, 12, 2, 4),
(48, 12, 2, 51),
(49, 13, 1, 4),
(50, 13, 1, 51),
(51, 13, 2, 4),
(52, 13, 2, 51),
(53, 14, 1, 4),
(54, 14, 1, 51),
(55, 14, 2, 4),
(56, 14, 2, 51),
(57, 15, 1, 4),
(58, 15, 1, 51),
(59, 15, 2, 4),
(60, 15, 2, 51),
(61, 16, 1, 4),
(62, 16, 1, 51),
(63, 16, 2, 4),
(64, 16, 2, 51),
(65, 17, 1, 4),
(66, 17, 1, 51),
(67, 17, 2, 4),
(68, 17, 2, 51),
(69, 18, 1, 4),
(70, 18, 1, 51),
(71, 18, 2, 4),
(72, 18, 2, 51),
(73, 19, 1, 4),
(74, 19, 1, 51),
(75, 19, 2, 4),
(76, 19, 2, 51),
(77, 20, 1, 4),
(78, 20, 1, 51),
(79, 20, 2, 4),
(80, 20, 2, 51);

-- --------------------------------------------------------

--
-- Structure de la table `evaluation`
--

DROP TABLE IF EXISTS `evaluation`;
CREATE TABLE IF NOT EXISTS `evaluation` (
  `id_evaluation` int(11) UNSIGNED NOT NULL AUTO_INCREMENT,
  `note` double UNSIGNED NOT NULL,
  `appreciation_e` varchar(255) NOT NULL,
  `id_db` int(11) UNSIGNED NOT NULL,
  `id_p` int(11) UNSIGNED NOT NULL,
  `id_discipline` int(10) UNSIGNED NOT NULL,
  PRIMARY KEY (`id_evaluation`)
) ENGINE=MyISAM AUTO_INCREMENT=889 DEFAULT CHARSET=latin1;

--
-- Déchargement des données de la table `evaluation`
--

INSERT INTO `evaluation` (`id_evaluation`, `note`, `appreciation_e`, `id_db`, `id_p`, `id_discipline`) VALUES
(1, 10, 'Trop juste encore un effort!', 1, 1, 1),
(2, 6, 'Trop faible beaucoup de lacunes', 1, 1, 1),
(3, 17, 'Très bien!', 1, 1, 1),
(4, 2, 'Travail insatisfaisant', 2, 1, 2),
(5, 6, 'Trop faible beaucoup de lacunes', 2, 1, 2),
(6, 12, 'Ensemble satisfaisant', 2, 1, 2),
(7, 3, 'Travail insatisfaisant', 3, 1, 1),
(8, 11, 'Ensemble satisfaisant', 3, 1, 1),
(9, 14, 'Bien', 3, 1, 1),
(10, 8, 'Trop juste encore un effort!', 4, 1, 2),
(11, 16, 'Très bien!', 4, 1, 2),
(12, 8, 'Trop juste encore un effort!', 4, 1, 2),
(13, 13, 'Bien', 5, 1, 1),
(14, 1, 'Travail insatisfaisant', 5, 1, 1),
(15, 14, 'Bien', 5, 1, 1),
(16, 10, 'Trop juste encore un effort!', 6, 1, 2),
(17, 3, 'Travail insatisfaisant', 6, 1, 2),
(18, 8, 'Trop juste encore un effort!', 6, 1, 2),
(19, 14, 'Bien', 7, 1, 1),
(20, 4, 'Travail insatisfaisant', 7, 1, 1),
(21, 8, 'Trop juste encore un effort!', 7, 1, 1),
(22, 19, 'Excellent!', 8, 1, 2),
(23, 7, 'Trop faible beaucoup de lacunes', 8, 1, 2),
(24, 11, 'Ensemble satisfaisant', 8, 1, 2),
(25, 14, 'Bien', 9, 2, 1),
(26, 18, 'Excellent!', 9, 2, 1),
(27, 0, 'Travail insatisfaisant', 9, 2, 1),
(28, 16, 'Très bien!', 10, 2, 2),
(29, 16, 'Très bien!', 10, 2, 2),
(30, 5, 'Travail insatisfaisant', 10, 2, 2),
(31, 10, 'Trop juste encore un effort!', 11, 2, 1),
(32, 12, 'Ensemble satisfaisant', 11, 2, 1),
(33, 19, 'Excellent!', 11, 2, 1),
(34, 12, 'Ensemble satisfaisant', 12, 2, 2),
(35, 2, 'Travail insatisfaisant', 12, 2, 2),
(36, 9, 'Trop juste encore un effort!', 12, 2, 2),
(37, 4, 'Travail insatisfaisant', 13, 2, 1),
(38, 18, 'Excellent!', 13, 2, 1),
(39, 9, 'Trop juste encore un effort!', 13, 2, 1),
(40, 15, 'Bien', 14, 2, 2),
(41, 18, 'Excellent!', 14, 2, 2),
(42, 1, 'Travail insatisfaisant', 14, 2, 2),
(43, 6, 'Trop faible beaucoup de lacunes', 15, 3, 1),
(44, 6, 'Trop faible beaucoup de lacunes', 15, 3, 1),
(45, 7, 'Trop faible beaucoup de lacunes', 15, 3, 1),
(46, 10, 'Trop juste encore un effort!', 16, 3, 2),
(47, 6, 'Trop faible beaucoup de lacunes', 16, 3, 2),
(48, 8, 'Trop juste encore un effort!', 16, 3, 2),
(49, 15, 'Bien', 17, 3, 1),
(50, 13, 'Bien', 17, 3, 1),
(51, 8, 'Trop juste encore un effort!', 17, 3, 1),
(52, 18, 'Excellent!', 18, 3, 2),
(53, 11, 'Ensemble satisfaisant', 18, 3, 2),
(54, 6, 'Trop faible beaucoup de lacunes', 18, 3, 2),
(55, 1, 'Travail insatisfaisant', 19, 3, 1),
(56, 0, 'Travail insatisfaisant', 19, 3, 1),
(57, 6, 'Trop faible beaucoup de lacunes', 19, 3, 1),
(58, 11, 'Ensemble satisfaisant', 20, 3, 2),
(59, 17, 'Très bien!', 20, 3, 2),
(60, 17, 'Très bien!', 20, 3, 2),
(61, 16, 'Très bien!', 21, 5, 1),
(62, 5, 'Travail insatisfaisant', 21, 5, 1),
(63, 17, 'Très bien!', 21, 5, 1),
(64, 4, 'Travail insatisfaisant', 22, 5, 2),
(65, 10, 'Trop juste encore un effort!', 22, 5, 2),
(66, 6, 'Trop faible beaucoup de lacunes', 22, 5, 2),
(67, 16, 'Très bien!', 23, 5, 1),
(68, 15, 'Bien', 23, 5, 1),
(69, 19, 'Excellent!', 23, 5, 1),
(70, 15, 'Bien', 24, 5, 2),
(71, 15, 'Bien', 24, 5, 2),
(72, 12, 'Ensemble satisfaisant', 24, 5, 2),
(73, 18, 'Excellent!', 25, 5, 1),
(74, 2, 'Travail insatisfaisant', 25, 5, 1),
(75, 18, 'Excellent!', 25, 5, 1),
(76, 10, 'Trop juste encore un effort!', 26, 5, 2),
(77, 15, 'Bien', 26, 5, 2),
(78, 2, 'Travail insatisfaisant', 26, 5, 2),
(79, 9, 'Trop juste encore un effort!', 27, 6, 1),
(80, 19, 'Excellent!', 27, 6, 1),
(81, 18, 'Excellent!', 27, 6, 1),
(82, 10, 'Trop juste encore un effort!', 28, 6, 2),
(83, 6, 'Trop faible beaucoup de lacunes', 28, 6, 2),
(84, 3, 'Travail insatisfaisant', 28, 6, 2),
(85, 2, 'Travail insatisfaisant', 29, 6, 1),
(86, 2, 'Travail insatisfaisant', 29, 6, 1),
(87, 15, 'Bien', 29, 6, 1),
(88, 6, 'Trop faible beaucoup de lacunes', 30, 6, 2),
(89, 14, 'Bien', 30, 6, 2),
(90, 17, 'Très bien!', 30, 6, 2),
(91, 9, 'Trop juste encore un effort!', 31, 6, 1),
(92, 11, 'Ensemble satisfaisant', 31, 6, 1),
(93, 2, 'Travail insatisfaisant', 31, 6, 1),
(94, 19, 'Excellent!', 32, 6, 2),
(95, 7, 'Trop faible beaucoup de lacunes', 32, 6, 2),
(96, 9, 'Trop juste encore un effort!', 32, 6, 2),
(97, 18, 'Excellent!', 33, 7, 1),
(98, 9, 'Trop juste encore un effort!', 33, 7, 1),
(99, 16, 'Très bien!', 33, 7, 1),
(100, 4, 'Travail insatisfaisant', 34, 7, 2),
(101, 2, 'Travail insatisfaisant', 34, 7, 2),
(102, 14, 'Bien', 34, 7, 2),
(103, 8, 'Trop juste encore un effort!', 35, 7, 1),
(104, 15, 'Bien', 35, 7, 1),
(105, 10, 'Trop juste encore un effort!', 35, 7, 1),
(106, 14, 'Bien', 36, 7, 2),
(107, 3, 'Travail insatisfaisant', 36, 7, 2),
(108, 14, 'Bien', 36, 7, 2),
(109, 7, 'Trop faible beaucoup de lacunes', 37, 7, 1),
(110, 10, 'Trop juste encore un effort!', 37, 7, 1),
(111, 6, 'Trop faible beaucoup de lacunes', 37, 7, 1),
(112, 3, 'Travail insatisfaisant', 38, 7, 2),
(113, 18, 'Excellent!', 38, 7, 2),
(114, 3, 'Travail insatisfaisant', 38, 7, 2),
(115, 18, 'Excellent!', 39, 8, 1),
(116, 10, 'Trop juste encore un effort!', 39, 8, 1),
(117, 15, 'Bien', 39, 8, 1),
(118, 0, 'Travail insatisfaisant', 40, 8, 2),
(119, 19, 'Excellent!', 40, 8, 2),
(120, 13, 'Bien', 40, 8, 2),
(121, 5, 'Travail insatisfaisant', 41, 8, 1),
(122, 17, 'Très bien!', 41, 8, 1),
(123, 19, 'Excellent!', 41, 8, 1),
(124, 3, 'Travail insatisfaisant', 42, 8, 2),
(125, 14, 'Bien', 42, 8, 2),
(126, 19, 'Excellent!', 42, 8, 2),
(127, 0, 'Travail insatisfaisant', 43, 8, 1),
(128, 12, 'Ensemble satisfaisant', 43, 8, 1),
(129, 8, 'Trop juste encore un effort!', 43, 8, 1),
(130, 3, 'Travail insatisfaisant', 44, 8, 2),
(131, 1, 'Travail insatisfaisant', 44, 8, 2),
(132, 4, 'Travail insatisfaisant', 44, 8, 2),
(133, 3, 'Travail insatisfaisant', 45, 9, 1),
(134, 14, 'Bien', 45, 9, 1),
(135, 10, 'Trop juste encore un effort!', 45, 9, 1),
(136, 0, 'Travail insatisfaisant', 46, 9, 2),
(137, 4, 'Travail insatisfaisant', 46, 9, 2),
(138, 8, 'Trop juste encore un effort!', 46, 9, 2),
(139, 7, 'Trop faible beaucoup de lacunes', 47, 9, 1),
(140, 4, 'Travail insatisfaisant', 47, 9, 1),
(141, 13, 'Bien', 47, 9, 1),
(142, 18, 'Excellent!', 48, 9, 2),
(143, 7, 'Trop faible beaucoup de lacunes', 48, 9, 2),
(144, 19, 'Excellent!', 48, 9, 2),
(145, 17, 'Très bien!', 49, 9, 1),
(146, 19, 'Excellent!', 49, 9, 1),
(147, 10, 'Trop juste encore un effort!', 49, 9, 1),
(148, 0, 'Travail insatisfaisant', 50, 9, 2),
(149, 6, 'Trop faible beaucoup de lacunes', 50, 9, 2),
(150, 4, 'Travail insatisfaisant', 50, 9, 2),
(151, 19, 'Excellent!', 51, 10, 1),
(152, 8, 'Trop juste encore un effort!', 51, 10, 1),
(153, 17, 'Très bien!', 51, 10, 1),
(154, 1, 'Travail insatisfaisant', 52, 10, 2),
(155, 8, 'Trop juste encore un effort!', 52, 10, 2),
(156, 15, 'Bien', 52, 10, 2),
(157, 13, 'Bien', 53, 10, 1),
(158, 6, 'Trop faible beaucoup de lacunes', 53, 10, 1),
(159, 11, 'Ensemble satisfaisant', 53, 10, 1),
(160, 2, 'Travail insatisfaisant', 54, 10, 2),
(161, 7, 'Trop faible beaucoup de lacunes', 54, 10, 2),
(162, 10, 'Trop juste encore un effort!', 54, 10, 2),
(163, 6, 'Trop faible beaucoup de lacunes', 55, 10, 1),
(164, 4, 'Travail insatisfaisant', 55, 10, 1),
(165, 9, 'Trop juste encore un effort!', 55, 10, 1),
(166, 15, 'Bien', 56, 10, 2),
(167, 4, 'Travail insatisfaisant', 56, 10, 2),
(168, 11, 'Ensemble satisfaisant', 56, 10, 2),
(169, 2, 'Travail insatisfaisant', 57, 11, 1),
(170, 19, 'Excellent!', 57, 11, 1),
(171, 12, 'Ensemble satisfaisant', 57, 11, 1),
(172, 2, 'Travail insatisfaisant', 58, 11, 2),
(173, 18, 'Excellent!', 58, 11, 2),
(174, 2, 'Travail insatisfaisant', 58, 11, 2),
(175, 2, 'Travail insatisfaisant', 59, 11, 1),
(176, 8, 'Trop juste encore un effort!', 59, 11, 1),
(177, 10, 'Trop juste encore un effort!', 59, 11, 1),
(178, 19, 'Excellent!', 60, 11, 2),
(179, 4, 'Travail insatisfaisant', 60, 11, 2),
(180, 16, 'Très bien!', 60, 11, 2),
(181, 0, 'Travail insatisfaisant', 61, 11, 1),
(182, 19, 'Excellent!', 61, 11, 1),
(183, 8, 'Trop juste encore un effort!', 61, 11, 1),
(184, 10, 'Trop juste encore un effort!', 62, 11, 2),
(185, 1, 'Travail insatisfaisant', 62, 11, 2),
(186, 10, 'Trop juste encore un effort!', 62, 11, 2),
(187, 9, 'Trop juste encore un effort!', 63, 12, 1),
(188, 17, 'Très bien!', 63, 12, 1),
(189, 0, 'Travail insatisfaisant', 63, 12, 1),
(190, 11, 'Ensemble satisfaisant', 64, 12, 2),
(191, 17, 'Très bien!', 64, 12, 2),
(192, 15, 'Bien', 64, 12, 2),
(193, 12, 'Ensemble satisfaisant', 65, 12, 1),
(194, 6, 'Trop faible beaucoup de lacunes', 65, 12, 1),
(195, 0, 'Travail insatisfaisant', 65, 12, 1),
(196, 18, 'Excellent!', 66, 12, 2),
(197, 2, 'Travail insatisfaisant', 66, 12, 2),
(198, 15, 'Bien', 66, 12, 2),
(199, 7, 'Trop faible beaucoup de lacunes', 67, 12, 1),
(200, 3, 'Travail insatisfaisant', 67, 12, 1),
(201, 3, 'Travail insatisfaisant', 67, 12, 1),
(202, 7, 'Trop faible beaucoup de lacunes', 68, 12, 2),
(203, 16, 'Très bien!', 68, 12, 2),
(204, 19, 'Excellent!', 68, 12, 2),
(205, 13, 'Bien', 69, 13, 1),
(206, 2, 'Travail insatisfaisant', 69, 13, 1),
(207, 12, 'Ensemble satisfaisant', 69, 13, 1),
(208, 17, 'Très bien!', 70, 13, 2),
(209, 14, 'Bien', 70, 13, 2),
(210, 10, 'Trop juste encore un effort!', 70, 13, 2),
(211, 19, 'Excellent!', 71, 13, 1),
(212, 15, 'Bien', 71, 13, 1),
(213, 13, 'Bien', 71, 13, 1),
(214, 16, 'Très bien!', 72, 13, 2),
(215, 0, 'Travail insatisfaisant', 72, 13, 2),
(216, 13, 'Bien', 72, 13, 2),
(217, 10, 'Trop juste encore un effort!', 73, 13, 1),
(218, 15, 'Bien', 73, 13, 1),
(219, 17, 'Très bien!', 73, 13, 1),
(220, 1, 'Travail insatisfaisant', 74, 13, 2),
(221, 1, 'Travail insatisfaisant', 74, 13, 2),
(222, 7, 'Trop faible beaucoup de lacunes', 74, 13, 2),
(223, 15, 'Bien', 75, 14, 1),
(224, 11, 'Ensemble satisfaisant', 75, 14, 1),
(225, 13, 'Bien', 75, 14, 1),
(226, 17, 'Très bien!', 76, 14, 2),
(227, 11, 'Ensemble satisfaisant', 76, 14, 2),
(228, 4, 'Travail insatisfaisant', 76, 14, 2),
(229, 15, 'Bien', 77, 14, 1),
(230, 12, 'Ensemble satisfaisant', 77, 14, 1),
(231, 2, 'Travail insatisfaisant', 77, 14, 1),
(232, 19, 'Excellent!', 78, 14, 2),
(233, 11, 'Ensemble satisfaisant', 78, 14, 2),
(234, 7, 'Trop faible beaucoup de lacunes', 78, 14, 2),
(235, 1, 'Travail insatisfaisant', 79, 14, 1),
(236, 14, 'Bien', 79, 14, 1),
(237, 19, 'Excellent!', 79, 14, 1),
(238, 9, 'Trop juste encore un effort!', 80, 14, 2),
(239, 3, 'Travail insatisfaisant', 80, 14, 2),
(240, 19, 'Excellent!', 80, 14, 2),
(241, 17, 'Très bien!', 81, 15, 1),
(242, 1, 'Travail insatisfaisant', 81, 15, 1),
(243, 18, 'Excellent!', 81, 15, 1),
(244, 9, 'Trop juste encore un effort!', 82, 15, 2),
(245, 3, 'Travail insatisfaisant', 82, 15, 2),
(246, 11, 'Ensemble satisfaisant', 82, 15, 2),
(247, 3, 'Travail insatisfaisant', 83, 15, 1),
(248, 6, 'Trop faible beaucoup de lacunes', 83, 15, 1),
(249, 8, 'Trop juste encore un effort!', 83, 15, 1),
(250, 15, 'Bien', 84, 15, 2),
(251, 12, 'Ensemble satisfaisant', 84, 15, 2),
(252, 2, 'Travail insatisfaisant', 84, 15, 2),
(253, 1, 'Travail insatisfaisant', 85, 15, 1),
(254, 6, 'Trop faible beaucoup de lacunes', 85, 15, 1),
(255, 2, 'Travail insatisfaisant', 85, 15, 1),
(256, 4, 'Travail insatisfaisant', 86, 15, 2),
(257, 8, 'Trop juste encore un effort!', 86, 15, 2),
(258, 0, 'Travail insatisfaisant', 86, 15, 2),
(259, 4, 'Travail insatisfaisant', 87, 16, 1),
(260, 2, 'Travail insatisfaisant', 87, 16, 1),
(261, 17, 'Très bien!', 87, 16, 1),
(262, 7, 'Trop faible beaucoup de lacunes', 88, 16, 2),
(263, 2, 'Travail insatisfaisant', 88, 16, 2),
(264, 18, 'Excellent!', 88, 16, 2),
(265, 7, 'Trop faible beaucoup de lacunes', 89, 16, 1),
(266, 16, 'Très bien!', 89, 16, 1),
(267, 1, 'Travail insatisfaisant', 89, 16, 1),
(268, 14, 'Bien', 90, 16, 2),
(269, 7, 'Trop faible beaucoup de lacunes', 90, 16, 2),
(270, 8, 'Trop juste encore un effort!', 90, 16, 2),
(271, 16, 'Très bien!', 91, 16, 1),
(272, 4, 'Travail insatisfaisant', 91, 16, 1),
(273, 12, 'Ensemble satisfaisant', 91, 16, 1),
(274, 13, 'Bien', 92, 16, 2),
(275, 5, 'Travail insatisfaisant', 92, 16, 2),
(276, 3, 'Travail insatisfaisant', 92, 16, 2),
(277, 9, 'Trop juste encore un effort!', 93, 17, 1),
(278, 17, 'Très bien!', 93, 17, 1),
(279, 11, 'Ensemble satisfaisant', 93, 17, 1),
(280, 8, 'Trop juste encore un effort!', 94, 17, 2),
(281, 5, 'Travail insatisfaisant', 94, 17, 2),
(282, 4, 'Travail insatisfaisant', 94, 17, 2),
(283, 0, 'Travail insatisfaisant', 95, 17, 1),
(284, 3, 'Travail insatisfaisant', 95, 17, 1),
(285, 3, 'Travail insatisfaisant', 95, 17, 1),
(286, 16, 'Très bien!', 96, 17, 2),
(287, 14, 'Bien', 96, 17, 2),
(288, 3, 'Travail insatisfaisant', 96, 17, 2),
(289, 0, 'Travail insatisfaisant', 97, 17, 1),
(290, 9, 'Trop juste encore un effort!', 97, 17, 1),
(291, 4, 'Travail insatisfaisant', 97, 17, 1),
(292, 9, 'Trop juste encore un effort!', 98, 17, 2),
(293, 0, 'Travail insatisfaisant', 98, 17, 2),
(294, 3, 'Travail insatisfaisant', 98, 17, 2),
(295, 16, 'Très bien!', 99, 18, 1),
(296, 10, 'Trop juste encore un effort!', 99, 18, 1),
(297, 12, 'Ensemble satisfaisant', 99, 18, 1),
(298, 17, 'Très bien!', 100, 18, 2),
(299, 5, 'Travail insatisfaisant', 100, 18, 2),
(300, 6, 'Trop faible beaucoup de lacunes', 100, 18, 2),
(301, 10, 'Trop juste encore un effort!', 101, 18, 1),
(302, 19, 'Excellent!', 101, 18, 1),
(303, 7, 'Trop faible beaucoup de lacunes', 101, 18, 1),
(304, 9, 'Trop juste encore un effort!', 102, 18, 2),
(305, 18, 'Excellent!', 102, 18, 2),
(306, 0, 'Travail insatisfaisant', 102, 18, 2),
(307, 18, 'Excellent!', 103, 18, 1),
(308, 14, 'Bien', 103, 18, 1),
(309, 8, 'Trop juste encore un effort!', 103, 18, 1),
(310, 15, 'Bien', 104, 18, 2),
(311, 6, 'Trop faible beaucoup de lacunes', 104, 18, 2),
(312, 16, 'Très bien!', 104, 18, 2),
(313, 4, 'Travail insatisfaisant', 105, 19, 1),
(314, 16, 'Très bien!', 105, 19, 1),
(315, 6, 'Trop faible beaucoup de lacunes', 105, 19, 1),
(316, 5, 'Travail insatisfaisant', 106, 19, 2),
(317, 7, 'Trop faible beaucoup de lacunes', 106, 19, 2),
(318, 8, 'Trop juste encore un effort!', 106, 19, 2),
(319, 6, 'Trop faible beaucoup de lacunes', 107, 19, 1),
(320, 2, 'Travail insatisfaisant', 107, 19, 1),
(321, 2, 'Travail insatisfaisant', 107, 19, 1),
(322, 3, 'Travail insatisfaisant', 108, 19, 2),
(323, 9, 'Trop juste encore un effort!', 108, 19, 2),
(324, 17, 'Très bien!', 108, 19, 2),
(325, 13, 'Bien', 109, 19, 1),
(326, 12, 'Ensemble satisfaisant', 109, 19, 1),
(327, 19, 'Excellent!', 109, 19, 1),
(328, 9, 'Trop juste encore un effort!', 110, 19, 2),
(329, 10, 'Trop juste encore un effort!', 110, 19, 2),
(330, 17, 'Très bien!', 110, 19, 2),
(331, 14, 'Bien', 111, 20, 1),
(332, 2, 'Travail insatisfaisant', 111, 20, 1),
(333, 15, 'Bien', 111, 20, 1),
(334, 3, 'Travail insatisfaisant', 112, 20, 2),
(335, 3, 'Travail insatisfaisant', 112, 20, 2),
(336, 1, 'Travail insatisfaisant', 112, 20, 2),
(337, 6, 'Trop faible beaucoup de lacunes', 113, 20, 1),
(338, 7, 'Trop faible beaucoup de lacunes', 113, 20, 1),
(339, 17, 'Très bien!', 113, 20, 1),
(340, 13, 'Bien', 114, 20, 2),
(341, 2, 'Travail insatisfaisant', 114, 20, 2),
(342, 18, 'Excellent!', 114, 20, 2),
(343, 15, 'Bien', 115, 20, 1),
(344, 12, 'Ensemble satisfaisant', 115, 20, 1),
(345, 0, 'Travail insatisfaisant', 115, 20, 1),
(346, 8, 'Trop juste encore un effort!', 116, 20, 2),
(347, 3, 'Travail insatisfaisant', 116, 20, 2),
(348, 0, 'Travail insatisfaisant', 116, 20, 2),
(349, 17, 'Très bien!', 117, 21, 1),
(350, 9, 'Trop juste encore un effort!', 117, 21, 1),
(351, 18, 'Excellent!', 117, 21, 1),
(352, 5, 'Travail insatisfaisant', 118, 21, 2),
(353, 0, 'Travail insatisfaisant', 118, 21, 2),
(354, 8, 'Trop juste encore un effort!', 118, 21, 2),
(355, 8, 'Trop juste encore un effort!', 119, 21, 1),
(356, 2, 'Travail insatisfaisant', 119, 21, 1),
(357, 19, 'Excellent!', 119, 21, 1),
(358, 5, 'Travail insatisfaisant', 120, 21, 2),
(359, 9, 'Trop juste encore un effort!', 120, 21, 2),
(360, 15, 'Bien', 120, 21, 2),
(361, 13, 'Bien', 121, 21, 1),
(362, 13, 'Bien', 121, 21, 1),
(363, 9, 'Trop juste encore un effort!', 121, 21, 1),
(364, 5, 'Travail insatisfaisant', 122, 21, 2),
(365, 8, 'Trop juste encore un effort!', 122, 21, 2),
(366, 18, 'Excellent!', 122, 21, 2),
(367, 17, 'Très bien!', 123, 22, 1),
(368, 12, 'Ensemble satisfaisant', 123, 22, 1),
(369, 8, 'Trop juste encore un effort!', 123, 22, 1),
(370, 8, 'Trop juste encore un effort!', 124, 22, 2),
(371, 8, 'Trop juste encore un effort!', 124, 22, 2),
(372, 14, 'Bien', 124, 22, 2),
(373, 11, 'Ensemble satisfaisant', 125, 22, 1),
(374, 10, 'Trop juste encore un effort!', 125, 22, 1),
(375, 8, 'Trop juste encore un effort!', 125, 22, 1),
(376, 1, 'Travail insatisfaisant', 126, 22, 2),
(377, 17, 'Très bien!', 126, 22, 2),
(378, 9, 'Trop juste encore un effort!', 126, 22, 2),
(379, 19, 'Excellent!', 127, 22, 1),
(380, 15, 'Bien', 127, 22, 1),
(381, 15, 'Bien', 127, 22, 1),
(382, 12, 'Ensemble satisfaisant', 128, 22, 2),
(383, 17, 'Très bien!', 128, 22, 2),
(384, 7, 'Trop faible beaucoup de lacunes', 128, 22, 2),
(385, 9, 'Trop juste encore un effort!', 129, 23, 1),
(386, 11, 'Ensemble satisfaisant', 129, 23, 1),
(387, 12, 'Ensemble satisfaisant', 129, 23, 1),
(388, 16, 'Très bien!', 130, 23, 2),
(389, 2, 'Travail insatisfaisant', 130, 23, 2),
(390, 14, 'Bien', 130, 23, 2),
(391, 8, 'Trop juste encore un effort!', 131, 23, 1),
(392, 6, 'Trop faible beaucoup de lacunes', 131, 23, 1),
(393, 1, 'Travail insatisfaisant', 131, 23, 1),
(394, 9, 'Trop juste encore un effort!', 132, 23, 2),
(395, 2, 'Travail insatisfaisant', 132, 23, 2),
(396, 6, 'Trop faible beaucoup de lacunes', 132, 23, 2),
(397, 12, 'Ensemble satisfaisant', 133, 23, 1),
(398, 14, 'Bien', 133, 23, 1),
(399, 13, 'Bien', 133, 23, 1),
(400, 18, 'Excellent!', 134, 23, 2),
(401, 13, 'Bien', 134, 23, 2),
(402, 9, 'Trop juste encore un effort!', 134, 23, 2),
(403, 18, 'Excellent!', 135, 24, 1),
(404, 10, 'Trop juste encore un effort!', 135, 24, 1),
(405, 5, 'Travail insatisfaisant', 135, 24, 1),
(406, 18, 'Excellent!', 136, 24, 2),
(407, 19, 'Excellent!', 136, 24, 2),
(408, 1, 'Travail insatisfaisant', 136, 24, 2),
(409, 3, 'Travail insatisfaisant', 137, 24, 1),
(410, 13, 'Bien', 137, 24, 1),
(411, 10, 'Trop juste encore un effort!', 137, 24, 1),
(412, 12, 'Ensemble satisfaisant', 138, 24, 2),
(413, 17, 'Très bien!', 138, 24, 2),
(414, 0, 'Travail insatisfaisant', 138, 24, 2),
(415, 5, 'Travail insatisfaisant', 139, 24, 1),
(416, 10, 'Trop juste encore un effort!', 139, 24, 1),
(417, 13, 'Bien', 139, 24, 1),
(418, 13, 'Bien', 140, 24, 2),
(419, 13, 'Bien', 140, 24, 2),
(420, 0, 'Travail insatisfaisant', 140, 24, 2),
(421, 10, 'Trop juste encore un effort!', 141, 25, 1),
(422, 4, 'Travail insatisfaisant', 141, 25, 1),
(423, 7, 'Trop faible beaucoup de lacunes', 141, 25, 1),
(424, 4, 'Travail insatisfaisant', 142, 25, 2),
(425, 15, 'Bien', 142, 25, 2),
(426, 9, 'Trop juste encore un effort!', 142, 25, 2),
(427, 15, 'Bien', 143, 25, 1),
(428, 14, 'Bien', 143, 25, 1),
(429, 2, 'Travail insatisfaisant', 143, 25, 1),
(430, 18, 'Excellent!', 144, 25, 2),
(431, 14, 'Bien', 144, 25, 2),
(432, 19, 'Excellent!', 144, 25, 2),
(433, 6, 'Trop faible beaucoup de lacunes', 145, 25, 1),
(434, 15, 'Bien', 145, 25, 1),
(435, 11, 'Ensemble satisfaisant', 145, 25, 1),
(436, 7, 'Trop faible beaucoup de lacunes', 146, 25, 2),
(437, 7, 'Trop faible beaucoup de lacunes', 146, 25, 2),
(438, 6, 'Trop faible beaucoup de lacunes', 146, 25, 2),
(439, 0, 'Travail insatisfaisant', 147, 26, 1),
(440, 2, 'Travail insatisfaisant', 147, 26, 1),
(441, 11, 'Ensemble satisfaisant', 147, 26, 1),
(442, 4, 'Travail insatisfaisant', 148, 26, 2),
(443, 2, 'Travail insatisfaisant', 148, 26, 2),
(444, 4, 'Travail insatisfaisant', 148, 26, 2),
(445, 17, 'Très bien!', 149, 26, 1),
(446, 10, 'Trop juste encore un effort!', 149, 26, 1),
(447, 6, 'Trop faible beaucoup de lacunes', 149, 26, 1),
(448, 12, 'Ensemble satisfaisant', 150, 26, 2),
(449, 0, 'Travail insatisfaisant', 150, 26, 2),
(450, 12, 'Ensemble satisfaisant', 150, 26, 2),
(451, 0, 'Travail insatisfaisant', 151, 26, 1),
(452, 9, 'Trop juste encore un effort!', 151, 26, 1),
(453, 14, 'Bien', 151, 26, 1),
(454, 10, 'Trop juste encore un effort!', 152, 26, 2),
(455, 18, 'Excellent!', 152, 26, 2),
(456, 13, 'Bien', 152, 26, 2),
(457, 5, 'Travail insatisfaisant', 153, 27, 1),
(458, 19, 'Excellent!', 153, 27, 1),
(459, 19, 'Excellent!', 153, 27, 1),
(460, 6, 'Trop faible beaucoup de lacunes', 154, 27, 2),
(461, 14, 'Bien', 154, 27, 2),
(462, 0, 'Travail insatisfaisant', 154, 27, 2),
(463, 9, 'Trop juste encore un effort!', 155, 27, 1),
(464, 12, 'Ensemble satisfaisant', 155, 27, 1),
(465, 13, 'Bien', 155, 27, 1),
(466, 5, 'Travail insatisfaisant', 156, 27, 2),
(467, 16, 'Très bien!', 156, 27, 2),
(468, 14, 'Bien', 156, 27, 2),
(469, 0, 'Travail insatisfaisant', 157, 27, 1),
(470, 11, 'Ensemble satisfaisant', 157, 27, 1),
(471, 8, 'Trop juste encore un effort!', 157, 27, 1),
(472, 1, 'Travail insatisfaisant', 158, 27, 2),
(473, 5, 'Travail insatisfaisant', 158, 27, 2),
(474, 17, 'Très bien!', 158, 27, 2),
(475, 15, 'Bien', 159, 28, 1),
(476, 4, 'Travail insatisfaisant', 159, 28, 1),
(477, 9, 'Trop juste encore un effort!', 159, 28, 1),
(478, 5, 'Travail insatisfaisant', 160, 28, 2),
(479, 3, 'Travail insatisfaisant', 160, 28, 2),
(480, 14, 'Bien', 160, 28, 2),
(481, 18, 'Excellent!', 161, 28, 1),
(482, 8, 'Trop juste encore un effort!', 161, 28, 1),
(483, 10, 'Trop juste encore un effort!', 161, 28, 1),
(484, 17, 'Très bien!', 162, 28, 2),
(485, 19, 'Excellent!', 162, 28, 2),
(486, 2, 'Travail insatisfaisant', 162, 28, 2),
(487, 12, 'Ensemble satisfaisant', 163, 28, 1),
(488, 4, 'Travail insatisfaisant', 163, 28, 1),
(489, 17, 'Très bien!', 163, 28, 1),
(490, 0, 'Travail insatisfaisant', 164, 28, 2),
(491, 3, 'Travail insatisfaisant', 164, 28, 2),
(492, 7, 'Trop faible beaucoup de lacunes', 164, 28, 2),
(493, 12, 'Ensemble satisfaisant', 165, 29, 1),
(494, 9, 'Trop juste encore un effort!', 165, 29, 1),
(495, 17, 'Très bien!', 165, 29, 1),
(496, 19, 'Excellent!', 166, 29, 2),
(497, 16, 'Très bien!', 166, 29, 2),
(498, 10, 'Trop juste encore un effort!', 166, 29, 2),
(499, 8, 'Trop juste encore un effort!', 167, 29, 1),
(500, 7, 'Trop faible beaucoup de lacunes', 167, 29, 1),
(501, 15, 'Bien', 167, 29, 1),
(502, 14, 'Bien', 168, 29, 2),
(503, 11, 'Ensemble satisfaisant', 168, 29, 2),
(504, 8, 'Trop juste encore un effort!', 168, 29, 2),
(505, 12, 'Ensemble satisfaisant', 169, 29, 1),
(506, 8, 'Trop juste encore un effort!', 169, 29, 1),
(507, 9, 'Trop juste encore un effort!', 169, 29, 1),
(508, 9, 'Trop juste encore un effort!', 170, 29, 2),
(509, 4, 'Travail insatisfaisant', 170, 29, 2),
(510, 6, 'Trop faible beaucoup de lacunes', 170, 29, 2),
(511, 14, 'Bien', 171, 30, 1),
(512, 1, 'Travail insatisfaisant', 171, 30, 1),
(513, 2, 'Travail insatisfaisant', 171, 30, 1),
(514, 16, 'Très bien!', 172, 30, 2),
(515, 13, 'Bien', 172, 30, 2),
(516, 5, 'Travail insatisfaisant', 172, 30, 2),
(517, 18, 'Excellent!', 173, 30, 1),
(518, 5, 'Travail insatisfaisant', 173, 30, 1),
(519, 17, 'Très bien!', 173, 30, 1),
(520, 19, 'Excellent!', 174, 30, 2),
(521, 9, 'Trop juste encore un effort!', 174, 30, 2),
(522, 13, 'Bien', 174, 30, 2),
(523, 4, 'Travail insatisfaisant', 175, 30, 1),
(524, 13, 'Bien', 175, 30, 1),
(525, 3, 'Travail insatisfaisant', 175, 30, 1),
(526, 5, 'Travail insatisfaisant', 176, 30, 2),
(527, 4, 'Travail insatisfaisant', 176, 30, 2),
(528, 11, 'Ensemble satisfaisant', 176, 30, 2),
(529, 19, 'Excellent!', 177, 31, 1),
(530, 18, 'Excellent!', 177, 31, 1),
(531, 5, 'Travail insatisfaisant', 177, 31, 1),
(532, 5, 'Travail insatisfaisant', 178, 31, 2),
(533, 9, 'Trop juste encore un effort!', 178, 31, 2),
(534, 19, 'Excellent!', 178, 31, 2),
(535, 4, 'Travail insatisfaisant', 179, 31, 1),
(536, 16, 'Très bien!', 179, 31, 1),
(537, 17, 'Très bien!', 179, 31, 1),
(538, 7, 'Trop faible beaucoup de lacunes', 180, 31, 2),
(539, 2, 'Travail insatisfaisant', 180, 31, 2),
(540, 3, 'Travail insatisfaisant', 180, 31, 2),
(541, 7, 'Trop faible beaucoup de lacunes', 181, 31, 1),
(542, 17, 'Très bien!', 181, 31, 1),
(543, 2, 'Travail insatisfaisant', 181, 31, 1),
(544, 19, 'Excellent!', 182, 31, 2),
(545, 16, 'Très bien!', 182, 31, 2),
(546, 17, 'Très bien!', 182, 31, 2),
(547, 9, 'Trop juste encore un effort!', 183, 32, 1),
(548, 3, 'Travail insatisfaisant', 183, 32, 1),
(549, 5, 'Travail insatisfaisant', 183, 32, 1),
(550, 14, 'Bien', 184, 32, 2),
(551, 5, 'Travail insatisfaisant', 184, 32, 2),
(552, 4, 'Travail insatisfaisant', 184, 32, 2),
(553, 6, 'Trop faible beaucoup de lacunes', 185, 32, 1),
(554, 19, 'Excellent!', 185, 32, 1),
(555, 5, 'Travail insatisfaisant', 185, 32, 1),
(556, 15, 'Bien', 186, 32, 2),
(557, 17, 'Très bien!', 186, 32, 2),
(558, 9, 'Trop juste encore un effort!', 186, 32, 2),
(559, 14, 'Bien', 187, 32, 1),
(560, 5, 'Travail insatisfaisant', 187, 32, 1),
(561, 18, 'Excellent!', 187, 32, 1),
(562, 1, 'Travail insatisfaisant', 188, 32, 2),
(563, 8, 'Trop juste encore un effort!', 188, 32, 2),
(564, 6, 'Trop faible beaucoup de lacunes', 188, 32, 2),
(565, 4, 'Travail insatisfaisant', 189, 33, 1),
(566, 17, 'Très bien!', 189, 33, 1),
(567, 3, 'Travail insatisfaisant', 189, 33, 1),
(568, 13, 'Bien', 190, 33, 2),
(569, 10, 'Trop juste encore un effort!', 190, 33, 2),
(570, 3, 'Travail insatisfaisant', 190, 33, 2),
(571, 8, 'Trop juste encore un effort!', 191, 33, 1),
(572, 10, 'Trop juste encore un effort!', 191, 33, 1),
(573, 14, 'Bien', 191, 33, 1),
(574, 5, 'Travail insatisfaisant', 192, 33, 2),
(575, 19, 'Excellent!', 192, 33, 2),
(576, 18, 'Excellent!', 192, 33, 2),
(577, 10, 'Trop juste encore un effort!', 193, 33, 1),
(578, 5, 'Travail insatisfaisant', 193, 33, 1),
(579, 13, 'Bien', 193, 33, 1),
(580, 8, 'Trop juste encore un effort!', 194, 33, 2),
(581, 8, 'Trop juste encore un effort!', 194, 33, 2),
(582, 14, 'Bien', 194, 33, 2),
(583, 3, 'Travail insatisfaisant', 195, 34, 1),
(584, 6, 'Trop faible beaucoup de lacunes', 195, 34, 1),
(585, 9, 'Trop juste encore un effort!', 195, 34, 1),
(586, 3, 'Travail insatisfaisant', 196, 34, 2),
(587, 15, 'Bien', 196, 34, 2),
(588, 15, 'Bien', 196, 34, 2),
(589, 11, 'Ensemble satisfaisant', 197, 34, 1),
(590, 5, 'Travail insatisfaisant', 197, 34, 1),
(591, 1, 'Travail insatisfaisant', 197, 34, 1),
(592, 15, 'Bien', 198, 34, 2),
(593, 19, 'Excellent!', 198, 34, 2),
(594, 5, 'Travail insatisfaisant', 198, 34, 2),
(595, 19, 'Excellent!', 199, 34, 1),
(596, 15, 'Bien', 199, 34, 1),
(597, 14, 'Bien', 199, 34, 1),
(598, 0, 'Travail insatisfaisant', 200, 34, 2),
(599, 18, 'Excellent!', 200, 34, 2),
(600, 5, 'Travail insatisfaisant', 200, 34, 2),
(601, 3, 'Travail insatisfaisant', 201, 35, 1),
(602, 4, 'Travail insatisfaisant', 201, 35, 1),
(603, 19, 'Excellent!', 201, 35, 1),
(604, 4, 'Travail insatisfaisant', 202, 35, 2),
(605, 5, 'Travail insatisfaisant', 202, 35, 2),
(606, 15, 'Bien', 202, 35, 2),
(607, 7, 'Trop faible beaucoup de lacunes', 203, 35, 1),
(608, 10, 'Trop juste encore un effort!', 203, 35, 1),
(609, 14, 'Bien', 203, 35, 1),
(610, 8, 'Trop juste encore un effort!', 204, 35, 2),
(611, 13, 'Bien', 204, 35, 2),
(612, 8, 'Trop juste encore un effort!', 204, 35, 2),
(613, 5, 'Travail insatisfaisant', 205, 35, 1),
(614, 14, 'Bien', 205, 35, 1),
(615, 11, 'Ensemble satisfaisant', 205, 35, 1),
(616, 15, 'Bien', 206, 35, 2),
(617, 18, 'Excellent!', 206, 35, 2),
(618, 19, 'Excellent!', 206, 35, 2),
(619, 19, 'Excellent!', 207, 36, 1),
(620, 2, 'Travail insatisfaisant', 207, 36, 1),
(621, 1, 'Travail insatisfaisant', 207, 36, 1),
(622, 17, 'Très bien!', 208, 36, 2),
(623, 2, 'Travail insatisfaisant', 208, 36, 2),
(624, 7, 'Trop faible beaucoup de lacunes', 208, 36, 2),
(625, 11, 'Ensemble satisfaisant', 209, 36, 1),
(626, 17, 'Très bien!', 209, 36, 1),
(627, 11, 'Ensemble satisfaisant', 209, 36, 1),
(628, 12, 'Ensemble satisfaisant', 210, 36, 2),
(629, 17, 'Très bien!', 210, 36, 2),
(630, 4, 'Travail insatisfaisant', 210, 36, 2),
(631, 8, 'Trop juste encore un effort!', 211, 36, 1),
(632, 16, 'Très bien!', 211, 36, 1),
(633, 10, 'Trop juste encore un effort!', 211, 36, 1),
(634, 7, 'Trop faible beaucoup de lacunes', 212, 36, 2),
(635, 18, 'Excellent!', 212, 36, 2),
(636, 14, 'Bien', 212, 36, 2),
(637, 14, 'Bien', 213, 37, 1),
(638, 3, 'Travail insatisfaisant', 213, 37, 1),
(639, 14, 'Bien', 213, 37, 1),
(640, 19, 'Excellent!', 214, 37, 2),
(641, 7, 'Trop faible beaucoup de lacunes', 214, 37, 2),
(642, 3, 'Travail insatisfaisant', 214, 37, 2),
(643, 6, 'Trop faible beaucoup de lacunes', 215, 37, 1),
(644, 19, 'Excellent!', 215, 37, 1),
(645, 10, 'Trop juste encore un effort!', 215, 37, 1),
(646, 0, 'Travail insatisfaisant', 216, 37, 2),
(647, 1, 'Travail insatisfaisant', 216, 37, 2),
(648, 8, 'Trop juste encore un effort!', 216, 37, 2),
(649, 14, 'Bien', 217, 37, 1),
(650, 3, 'Travail insatisfaisant', 217, 37, 1),
(651, 6, 'Trop faible beaucoup de lacunes', 217, 37, 1),
(652, 15, 'Bien', 218, 37, 2),
(653, 11, 'Ensemble satisfaisant', 218, 37, 2),
(654, 2, 'Travail insatisfaisant', 218, 37, 2),
(655, 6, 'Trop faible beaucoup de lacunes', 219, 38, 1),
(656, 13, 'Bien', 219, 38, 1),
(657, 3, 'Travail insatisfaisant', 219, 38, 1),
(658, 1, 'Travail insatisfaisant', 220, 38, 2),
(659, 4, 'Travail insatisfaisant', 220, 38, 2),
(660, 0, 'Travail insatisfaisant', 220, 38, 2),
(661, 7, 'Trop faible beaucoup de lacunes', 221, 38, 1),
(662, 1, 'Travail insatisfaisant', 221, 38, 1),
(663, 9, 'Trop juste encore un effort!', 221, 38, 1),
(664, 1, 'Travail insatisfaisant', 222, 38, 2),
(665, 18, 'Excellent!', 222, 38, 2),
(666, 16, 'Très bien!', 222, 38, 2),
(667, 10, 'Trop juste encore un effort!', 223, 38, 1),
(668, 5, 'Travail insatisfaisant', 223, 38, 1),
(669, 2, 'Travail insatisfaisant', 223, 38, 1),
(670, 17, 'Très bien!', 224, 38, 2),
(671, 0, 'Travail insatisfaisant', 224, 38, 2),
(672, 2, 'Travail insatisfaisant', 224, 38, 2),
(673, 15, 'Bien', 225, 39, 1),
(674, 9, 'Trop juste encore un effort!', 225, 39, 1),
(675, 13, 'Bien', 225, 39, 1),
(676, 17, 'Très bien!', 226, 39, 2),
(677, 2, 'Travail insatisfaisant', 226, 39, 2),
(678, 4, 'Travail insatisfaisant', 226, 39, 2),
(679, 5, 'Travail insatisfaisant', 227, 39, 1),
(680, 6, 'Trop faible beaucoup de lacunes', 227, 39, 1),
(681, 7, 'Trop faible beaucoup de lacunes', 227, 39, 1),
(682, 9, 'Trop juste encore un effort!', 228, 39, 2),
(683, 9, 'Trop juste encore un effort!', 228, 39, 2),
(684, 9, 'Trop juste encore un effort!', 228, 39, 2),
(685, 18, 'Excellent!', 229, 39, 1),
(686, 18, 'Excellent!', 229, 39, 1),
(687, 18, 'Excellent!', 229, 39, 1),
(688, 19, 'Excellent!', 230, 39, 2),
(689, 19, 'Excellent!', 230, 39, 2),
(690, 8, 'Trop juste encore un effort!', 230, 39, 2),
(691, 18, 'Excellent!', 231, 40, 1),
(692, 12, 'Ensemble satisfaisant', 231, 40, 1),
(693, 19, 'Excellent!', 231, 40, 1),
(694, 13, 'Bien', 232, 40, 2),
(695, 1, 'Travail insatisfaisant', 232, 40, 2),
(696, 1, 'Travail insatisfaisant', 232, 40, 2),
(697, 14, 'Bien', 233, 40, 1),
(698, 18, 'Excellent!', 233, 40, 1),
(699, 6, 'Trop faible beaucoup de lacunes', 233, 40, 1),
(700, 12, 'Ensemble satisfaisant', 234, 40, 2),
(701, 8, 'Trop juste encore un effort!', 234, 40, 2),
(702, 0, 'Travail insatisfaisant', 234, 40, 2),
(703, 5, 'Travail insatisfaisant', 235, 40, 1),
(704, 18, 'Excellent!', 235, 40, 1),
(705, 15, 'Bien', 235, 40, 1),
(706, 10, 'Trop juste encore un effort!', 236, 40, 2),
(707, 14, 'Bien', 236, 40, 2),
(708, 0, 'Travail insatisfaisant', 236, 40, 2),
(709, 10, 'Trop juste encore un effort!', 237, 41, 1),
(710, 2, 'Travail insatisfaisant', 237, 41, 1),
(711, 2, 'Travail insatisfaisant', 237, 41, 1),
(712, 8, 'Trop juste encore un effort!', 238, 41, 2),
(713, 13, 'Bien', 238, 41, 2),
(714, 14, 'Bien', 238, 41, 2),
(715, 3, 'Travail insatisfaisant', 239, 41, 1),
(716, 11, 'Ensemble satisfaisant', 239, 41, 1),
(717, 14, 'Bien', 239, 41, 1),
(718, 11, 'Ensemble satisfaisant', 240, 41, 2),
(719, 9, 'Trop juste encore un effort!', 240, 41, 2),
(720, 7, 'Trop faible beaucoup de lacunes', 240, 41, 2),
(721, 8, 'Trop juste encore un effort!', 241, 41, 1),
(722, 12, 'Ensemble satisfaisant', 241, 41, 1),
(723, 19, 'Excellent!', 241, 41, 1),
(724, 10, 'Trop juste encore un effort!', 242, 41, 2),
(725, 12, 'Ensemble satisfaisant', 242, 41, 2),
(726, 9, 'Trop juste encore un effort!', 242, 41, 2),
(727, 19, 'Excellent!', 243, 42, 1),
(728, 18, 'Excellent!', 243, 42, 1),
(729, 3, 'Travail insatisfaisant', 243, 42, 1),
(730, 10, 'Trop juste encore un effort!', 244, 42, 2),
(731, 0, 'Travail insatisfaisant', 244, 42, 2),
(732, 12, 'Ensemble satisfaisant', 244, 42, 2),
(733, 5, 'Travail insatisfaisant', 245, 42, 1),
(734, 5, 'Travail insatisfaisant', 245, 42, 1),
(735, 9, 'Trop juste encore un effort!', 245, 42, 1),
(736, 15, 'Bien', 246, 42, 2),
(737, 19, 'Excellent!', 246, 42, 2),
(738, 18, 'Excellent!', 246, 42, 2),
(739, 4, 'Travail insatisfaisant', 247, 42, 1),
(740, 16, 'Très bien!', 247, 42, 1),
(741, 6, 'Trop faible beaucoup de lacunes', 247, 42, 1),
(742, 13, 'Bien', 248, 42, 2),
(743, 0, 'Travail insatisfaisant', 248, 42, 2),
(744, 11, 'Ensemble satisfaisant', 248, 42, 2),
(745, 9, 'Trop juste encore un effort!', 249, 43, 1),
(746, 4, 'Travail insatisfaisant', 249, 43, 1),
(747, 16, 'Très bien!', 249, 43, 1),
(748, 13, 'Bien', 250, 43, 2),
(749, 17, 'Très bien!', 250, 43, 2),
(750, 2, 'Travail insatisfaisant', 250, 43, 2),
(751, 18, 'Excellent!', 251, 43, 1),
(752, 15, 'Bien', 251, 43, 1),
(753, 14, 'Bien', 251, 43, 1),
(754, 6, 'Trop faible beaucoup de lacunes', 252, 43, 2),
(755, 7, 'Trop faible beaucoup de lacunes', 252, 43, 2),
(756, 14, 'Bien', 252, 43, 2),
(757, 1, 'Travail insatisfaisant', 253, 43, 1),
(758, 9, 'Trop juste encore un effort!', 253, 43, 1),
(759, 16, 'Très bien!', 253, 43, 1),
(760, 2, 'Travail insatisfaisant', 254, 43, 2),
(761, 8, 'Trop juste encore un effort!', 254, 43, 2),
(762, 8, 'Trop juste encore un effort!', 254, 43, 2),
(763, 3, 'Travail insatisfaisant', 255, 44, 1),
(764, 5, 'Travail insatisfaisant', 255, 44, 1),
(765, 3, 'Travail insatisfaisant', 255, 44, 1),
(766, 6, 'Trop faible beaucoup de lacunes', 256, 44, 2),
(767, 5, 'Travail insatisfaisant', 256, 44, 2),
(768, 7, 'Trop faible beaucoup de lacunes', 256, 44, 2),
(769, 15, 'Bien', 257, 44, 1),
(770, 8, 'Trop juste encore un effort!', 257, 44, 1),
(771, 11, 'Ensemble satisfaisant', 257, 44, 1),
(772, 11, 'Ensemble satisfaisant', 258, 44, 2),
(773, 13, 'Bien', 258, 44, 2),
(774, 7, 'Trop faible beaucoup de lacunes', 258, 44, 2),
(775, 13, 'Bien', 259, 44, 1),
(776, 2, 'Travail insatisfaisant', 259, 44, 1),
(777, 0, 'Travail insatisfaisant', 259, 44, 1),
(778, 2, 'Travail insatisfaisant', 260, 44, 2),
(779, 17, 'Très bien!', 260, 44, 2),
(780, 18, 'Excellent!', 260, 44, 2),
(781, 4, 'Travail insatisfaisant', 261, 45, 1),
(782, 14, 'Bien', 261, 45, 1),
(783, 11, 'Ensemble satisfaisant', 261, 45, 1),
(784, 10, 'Trop juste encore un effort!', 262, 45, 2),
(785, 8, 'Trop juste encore un effort!', 262, 45, 2),
(786, 7, 'Trop faible beaucoup de lacunes', 262, 45, 2),
(787, 9, 'Trop juste encore un effort!', 263, 45, 1),
(788, 16, 'Très bien!', 263, 45, 1),
(789, 12, 'Ensemble satisfaisant', 263, 45, 1),
(790, 17, 'Très bien!', 264, 45, 2),
(791, 4, 'Travail insatisfaisant', 264, 45, 2),
(792, 3, 'Travail insatisfaisant', 264, 45, 2),
(793, 2, 'Travail insatisfaisant', 265, 45, 1),
(794, 1, 'Travail insatisfaisant', 265, 45, 1),
(795, 18, 'Excellent!', 265, 45, 1),
(796, 18, 'Excellent!', 266, 45, 2),
(797, 16, 'Très bien!', 266, 45, 2),
(798, 2, 'Travail insatisfaisant', 266, 45, 2),
(799, 9, 'Trop juste encore un effort!', 267, 46, 1),
(800, 15, 'Bien', 267, 46, 1),
(801, 13, 'Bien', 267, 46, 1),
(802, 11, 'Ensemble satisfaisant', 268, 46, 2),
(803, 2, 'Travail insatisfaisant', 268, 46, 2),
(804, 8, 'Trop juste encore un effort!', 268, 46, 2),
(805, 6, 'Trop faible beaucoup de lacunes', 269, 46, 1),
(806, 17, 'Très bien!', 269, 46, 1),
(807, 8, 'Trop juste encore un effort!', 269, 46, 1),
(808, 4, 'Travail insatisfaisant', 270, 46, 2),
(809, 8, 'Trop juste encore un effort!', 270, 46, 2),
(810, 13, 'Bien', 270, 46, 2),
(811, 15, 'Bien', 271, 46, 1),
(812, 7, 'Trop faible beaucoup de lacunes', 271, 46, 1),
(813, 11, 'Ensemble satisfaisant', 271, 46, 1),
(814, 6, 'Trop faible beaucoup de lacunes', 272, 46, 2),
(815, 11, 'Ensemble satisfaisant', 272, 46, 2),
(816, 13, 'Bien', 272, 46, 2),
(817, 9, 'Trop juste encore un effort!', 273, 47, 1),
(818, 4, 'Travail insatisfaisant', 273, 47, 1),
(819, 13, 'Bien', 273, 47, 1),
(820, 2, 'Travail insatisfaisant', 274, 47, 2),
(821, 6, 'Trop faible beaucoup de lacunes', 274, 47, 2),
(822, 11, 'Ensemble satisfaisant', 274, 47, 2),
(823, 4, 'Travail insatisfaisant', 275, 47, 1),
(824, 0, 'Travail insatisfaisant', 275, 47, 1),
(825, 9, 'Trop juste encore un effort!', 275, 47, 1),
(826, 12, 'Ensemble satisfaisant', 276, 47, 2),
(827, 17, 'Très bien!', 276, 47, 2),
(828, 17, 'Très bien!', 276, 47, 2),
(829, 13, 'Bien', 277, 47, 1),
(830, 17, 'Très bien!', 277, 47, 1),
(831, 8, 'Trop juste encore un effort!', 277, 47, 1),
(832, 14, 'Bien', 278, 47, 2),
(833, 18, 'Excellent!', 278, 47, 2),
(834, 16, 'Très bien!', 278, 47, 2),
(835, 17, 'Très bien!', 279, 48, 1),
(836, 10, 'Trop juste encore un effort!', 279, 48, 1),
(837, 14, 'Bien', 279, 48, 1),
(838, 16, 'Très bien!', 280, 48, 2),
(839, 17, 'Très bien!', 280, 48, 2),
(840, 19, 'Excellent!', 280, 48, 2),
(841, 0, 'Travail insatisfaisant', 281, 48, 1),
(842, 0, 'Travail insatisfaisant', 281, 48, 1),
(843, 2, 'Travail insatisfaisant', 281, 48, 1),
(844, 10, 'Trop juste encore un effort!', 282, 48, 2),
(845, 18, 'Excellent!', 282, 48, 2),
(846, 9, 'Trop juste encore un effort!', 282, 48, 2),
(847, 8, 'Trop juste encore un effort!', 283, 48, 1),
(848, 8, 'Trop juste encore un effort!', 283, 48, 1),
(849, 11, 'Ensemble satisfaisant', 283, 48, 1),
(850, 8, 'Trop juste encore un effort!', 284, 48, 2),
(851, 18, 'Excellent!', 284, 48, 2),
(852, 10, 'Trop juste encore un effort!', 284, 48, 2),
(853, 18, 'Excellent!', 285, 49, 1),
(854, 3, 'Travail insatisfaisant', 285, 49, 1),
(855, 18, 'Excellent!', 285, 49, 1),
(856, 4, 'Travail insatisfaisant', 286, 49, 2),
(857, 12, 'Ensemble satisfaisant', 286, 49, 2),
(858, 2, 'Travail insatisfaisant', 286, 49, 2),
(859, 4, 'Travail insatisfaisant', 287, 49, 1),
(860, 1, 'Travail insatisfaisant', 287, 49, 1),
(861, 18, 'Excellent!', 287, 49, 1),
(862, 18, 'Excellent!', 288, 49, 2),
(863, 14, 'Bien', 288, 49, 2),
(864, 0, 'Travail insatisfaisant', 288, 49, 2),
(865, 11, 'Ensemble satisfaisant', 289, 49, 1),
(866, 14, 'Bien', 289, 49, 1),
(867, 19, 'Excellent!', 289, 49, 1),
(868, 0, 'Travail insatisfaisant', 290, 49, 2),
(869, 11, 'Ensemble satisfaisant', 290, 49, 2),
(870, 17, 'Très bien!', 290, 49, 2),
(871, 12, 'Ensemble satisfaisant', 291, 50, 1),
(872, 5, 'Travail insatisfaisant', 291, 50, 1),
(873, 0, 'Travail insatisfaisant', 291, 50, 1),
(874, 13, 'Bien', 292, 50, 2),
(875, 14, 'Bien', 292, 50, 2),
(876, 5, 'Travail insatisfaisant', 292, 50, 2),
(877, 17, 'Très bien!', 293, 50, 1),
(878, 10, 'Trop juste encore un effort!', 293, 50, 1),
(879, 18, 'Excellent!', 293, 50, 1),
(880, 15, 'Bien', 294, 50, 2),
(881, 13, 'Bien', 294, 50, 2),
(882, 19, 'Excellent!', 294, 50, 2),
(883, 17, 'Très bien!', 295, 50, 1),
(884, 3, 'Travail insatisfaisant', 295, 50, 1),
(885, 15, 'Bien', 295, 50, 1),
(886, 3, 'Travail insatisfaisant', 296, 50, 2),
(887, 8, 'Trop juste encore un effort!', 296, 50, 2),
(888, 2, 'Travail insatisfaisant', 296, 50, 2);

-- --------------------------------------------------------

--
-- Structure de la table `inscription`
--

DROP TABLE IF EXISTS `inscription`;
CREATE TABLE IF NOT EXISTS `inscription` (
  `id_inscription` int(11) UNSIGNED NOT NULL AUTO_INCREMENT,
  `id_classe` int(11) UNSIGNED NOT NULL,
  `id_p` int(11) UNSIGNED NOT NULL,
  PRIMARY KEY (`id_inscription`),
  KEY `id_classe` (`id_classe`,`id_p`)
) ENGINE=MyISAM AUTO_INCREMENT=51 DEFAULT CHARSET=latin1;

--
-- Déchargement des données de la table `inscription`
--

INSERT INTO `inscription` (`id_inscription`, `id_classe`, `id_p`) VALUES
(1, 1, 1),
(2, 1, 2),
(3, 1, 3),
(4, 1, 4),
(5, 1, 5),
(6, 1, 6),
(7, 1, 7),
(8, 1, 8),
(9, 1, 9),
(10, 1, 10),
(11, 1, 11),
(12, 2, 12),
(13, 2, 13),
(14, 2, 14),
(15, 2, 15),
(16, 2, 16),
(17, 2, 17),
(18, 2, 18),
(19, 2, 19),
(20, 2, 20),
(21, 3, 21),
(22, 3, 22),
(23, 3, 23),
(24, 3, 24),
(25, 3, 25),
(26, 3, 26),
(27, 3, 27),
(28, 3, 28),
(29, 3, 29),
(30, 3, 30),
(31, 4, 31),
(32, 4, 32),
(33, 4, 33),
(34, 4, 34),
(35, 4, 35),
(36, 4, 36),
(37, 4, 37),
(38, 4, 38),
(39, 4, 39),
(40, 4, 40),
(41, 5, 41),
(42, 5, 42),
(43, 5, 43),
(44, 5, 44),
(45, 5, 45),
(46, 5, 46),
(47, 5, 47),
(48, 5, 48),
(49, 5, 49),
(50, 5, 50);

-- --------------------------------------------------------

--
-- Structure de la table `niveau`
--

DROP TABLE IF EXISTS `niveau`;
CREATE TABLE IF NOT EXISTS `niveau` (
  `id_niveau` int(11) UNSIGNED NOT NULL AUTO_INCREMENT,
  `nom_niveau` varchar(255) NOT NULL,
  PRIMARY KEY (`id_niveau`)
) ENGINE=MyISAM AUTO_INCREMENT=6 DEFAULT CHARSET=latin1;

--
-- Déchargement des données de la table `niveau`
--

INSERT INTO `niveau` (`id_niveau`, `nom_niveau`) VALUES
(1, 'CP'),
(2, 'CE1'),
(3, 'CE2'),
(4, 'CM1'),
(5, 'CM2');

-- --------------------------------------------------------

--
-- Structure de la table `personne`
--

DROP TABLE IF EXISTS `personne`;
CREATE TABLE IF NOT EXISTS `personne` (
  `id_personne` int(11) UNSIGNED NOT NULL AUTO_INCREMENT,
  `nom_p` varchar(255) NOT NULL,
  `prenom_p` varchar(255) NOT NULL,
  `type` tinyint(1) NOT NULL,
  PRIMARY KEY (`id_personne`)
) ENGINE=MyISAM AUTO_INCREMENT=52 DEFAULT CHARSET=latin1;

--
-- Déchargement des données de la table `personne`
--

INSERT INTO `personne` (`id_personne`, `nom_p`, `prenom_p`, `type`) VALUES
(1, 'eleve1_n', 'eleve1_p', 1),
(2, 'eleve2_n', 'eleve2_p', 1),
(3, 'eleve3_n', 'eleve3_p', 1),
(4, 'professeur1_n', 'professeur1_p', 0),
(5, 'eg', 'fgef', 1),
(6, 'blanchard', 'Lisa', 1),
(7, 'berq', 'Charlotte', 1),
(8, 'dupont', 'Helene', 1),
(9, 'Hu', 'Chang', 1),
(10, 'Maurin', 'Maxime', 1),
(11, 'Tran', 'Sebastien', 1),
(12, 'Benguigui', 'David', 1),
(13, 'Le', 'Sarah', 1),
(14, 'Gérardin', 'Zoé', 1),
(15, 'Guédamour', 'Alix', 1),
(16, 'Lewertowski', 'Noemie', 1),
(17, 'Besson', 'Eugénie', 1),
(18, 'Hadjean', 'Guillaume', 1),
(19, 'Allemon', 'Nelyne', 1),
(20, 'Vanderesh', 'Saskia', 1),
(21, 'Brion', 'Alexandre', 1),
(22, 'Sotte', 'Alexis', 1),
(23, 'Forest', 'Tristan', 1),
(24, 'Chaselerie', 'Juliette', 1),
(25, 'Renon', 'Manon', 1),
(26, 'Rose', 'Jade', 1),
(27, 'Giaretta', 'Elisa', 1),
(28, 'Servant', 'Pauline', 1),
(29, 'Roche', 'Maelys', 1),
(30, 'Baude', 'Lena', 1),
(31, 'Rietsh', 'Lucas', 1),
(32, 'Drancy', 'Estelle', 1),
(33, 'Strumfeld', 'Laure', 1),
(34, 'Fayol', 'Clément', 1),
(35, 'Compoint', 'Zoé', 1),
(36, 'Reynaud', 'Justine', 1),
(37, 'David', 'Alice', 1),
(38, 'Tadrous', 'Dany', 1),
(39, 'Guiesse', 'Adrien', 1),
(40, 'LeDain', 'Hadrien', 1),
(41, 'Bolin', 'Lucie', 1),
(42, 'Mars', 'Véronica', 1),
(43, 'Cassi', 'Léo', 1),
(44, 'Ploteau', 'Marie', 1),
(45, 'Luratti', 'Clément', 1),
(46, 'Dreyfus', 'Eva', 1),
(47, 'Sani', 'Axel', 1),
(48, 'Sorton', 'Aurélie', 1),
(49, 'Juliano', 'Manola', 1),
(50, 'Rohart', 'Margaux', 1),
(51, 'Segado', 'JP', 0);

-- --------------------------------------------------------

--
-- Structure de la table `trimestre`
--

DROP TABLE IF EXISTS `trimestre`;
CREATE TABLE IF NOT EXISTS `trimestre` (
  `id_trimestre` int(11) UNSIGNED NOT NULL AUTO_INCREMENT,
  `numero` int(11) UNSIGNED NOT NULL,
  `debut` date NOT NULL,
  `fin` date NOT NULL,
  `id_annee` int(11) UNSIGNED NOT NULL,
  PRIMARY KEY (`id_trimestre`)
) ENGINE=MyISAM AUTO_INCREMENT=7 DEFAULT CHARSET=latin1;

--
-- Déchargement des données de la table `trimestre`
--

INSERT INTO `trimestre` (`id_trimestre`, `numero`, `debut`, `fin`, `id_annee`) VALUES
(1, 1, '2018-09-01', '2018-12-01', 1),
(2, 2, '2018-12-02', '2019-03-01', 1),
(3, 3, '2019-03-02', '2019-06-01', 1),
(4, 1, '2019-09-01', '2019-12-01', 2),
(5, 2, '2019-12-02', '2020-03-01', 2),
(6, 3, '2020-03-02', '2020-06-01', 2);
COMMIT;

/*!40101 SET CHARACTER_SET_CLIENT=@OLD_CHARACTER_SET_CLIENT */;
/*!40101 SET CHARACTER_SET_RESULTS=@OLD_CHARACTER_SET_RESULTS */;
/*!40101 SET COLLATION_CONNECTION=@OLD_COLLATION_CONNECTION */;
